enrollment_size,target_condition,mean_accuracy,std_accuracy,mean_f1,experiments
1,Native_Bone,0.6995517241379311,0.01593125839520202,0.6754125242292127,50
1,Native_InEar,0.710551724137931,0.06056072768291786,0.6976652483222918,50
1,Neutral_Bone,0.6895862068965518,0.02570550781608479,0.6722836441024791,50
1,Neutral_InEar,0.7515172413793104,0.04731711081833426,0.7387195342343797,50
1,NonNative_Bone,0.7109655172413792,0.023805797794631663,0.6950461057600544,50
1,NonNative_InEar,0.7290000000000001,0.05586485992280798,0.7218762112703058,50
2,Native_Bone,0.7321896551724137,0.01789941583029076,0.7138854167475533,100
2,Native_InEar,0.759155172413793,0.025060365031874924,0.7527195798052463,100
2,Neutral_Bone,0.7257068965517242,0.023860291860467193,0.714408844019975,100
2,Neutral_InEar,0.8002586206896553,0.020759742833061912,0.7929692818484907,100
2,NonNative_Bone,0.7643448275862069,0.021206931949122796,0.7574411582050239,100
2,NonNative_InEar,0.7745344827586207,0.030264307493329073,0.7717263411893215,100
3,Native_Bone,0.7457068965517242,0.01562714091315307,0.7295311820558288,100
3,Native_InEar,0.7758620689655173,0.02019167332528777,0.769384530714197,100
3,Neutral_Bone,0.7397758620689655,0.017043896884913166,0.7292098961862276,100
3,Neutral_InEar,0.816655172413793,0.016990900862379456,0.8101410183647991,100
3,NonNative_Bone,0.7783448275862069,0.02032702052650676,0.7730958203980957,100
3,NonNative_InEar,0.7875517241379311,0.020383459298862542,0.7852385445391037,100
5,Native_Bone,0.7610344827586207,0.01582704779591589,0.7463128368007155,10
5,Native_InEar,0.7756896551724137,0.013291899553397709,0.7693716734081647,10
5,Neutral_Bone,0.7462068965517241,0.01361959838491823,0.7367789893831966,10
5,Neutral_InEar,0.8291379310344829,0.008732985079876044,0.824824274202969,10
5,NonNative_Bone,0.7944827586206896,0.015922755806203805,0.7901657459331075,10
5,NonNative_InEar,0.7937931034482759,0.011783711615047652,0.7912512046029632,10
