experiment,source_condition,target_condition,model,accuracy,precision,recall,f1
cross_condition,Native_InEar,NonNative_InEar,SVM,0.6982758620689655,0.7106178864396812,0.6982758620689655,0.6926832631162494
cross_condition,Native_InEar,NonNative_InEar,Random Forest,0.75,0.7622559334993889,0.7499999999999999,0.7431192485945395
cross_condition,Native_InEar,NonNative_InEar,KNN,0.6344827586206897,0.6577226027133147,0.6344827586206896,0.6276534304669622
cross_condition,Native_InEar,Neutral_InEar,SVM,0.6827586206896552,0.67542981175269,0.6827586206896552,0.6699311719540215
cross_condition,Native_InEar,Neutral_InEar,Random Forest,0.7275862068965517,0.7240359751602012,0.7275862068965517,0.7140639725615843
cross_condition,Native_InEar,Neutral_InEar,KNN,0.6275862068965518,0.6316664340462467,0.6275862068965516,0.6107401226916351
cross_condition,Native_InEar,Native_Bone,SVM,0.6241379310344828,0.647186643027294,0.6241379310344828,0.622406461895286
cross_condition,Native_InEar,Native_Bone,Random Forest,0.6724137931034483,0.669485232167761,0.6724137931034483,0.6591382550183066
cross_condition,Native_InEar,Native_Bone,KNN,0.5913793103448276,0.6018017049436682,0.5913793103448276,0.5802711383961434
cross_condition,Native_InEar,NonNative_Bone,SVM,0.6741379310344827,0.6913326839642416,0.6741379310344827,0.6701114897643818
cross_condition,Native_InEar,NonNative_Bone,Random Forest,0.6810344827586207,0.7075634062863624,0.6810344827586206,0.67153397139454
cross_condition,Native_InEar,NonNative_Bone,KNN,0.6103448275862069,0.6421798001390253,0.6103448275862069,0.6062477981654879
cross_condition,Native_InEar,Neutral_Bone,SVM,0.6224137931034482,0.6160434712457372,0.6224137931034482,0.5955208996308483
cross_condition,Native_InEar,Neutral_Bone,Random Forest,0.6482758620689655,0.65490075255641,0.6482758620689656,0.6256628403484185
cross_condition,Native_InEar,Neutral_Bone,KNN,0.5568965517241379,0.5334002460730151,0.5568965517241378,0.5263893503410239
cross_condition,NonNative_InEar,Native_InEar,SVM,0.7206896551724138,0.7458949023281638,0.7206896551724137,0.7219087627109578
cross_condition,NonNative_InEar,Native_InEar,Random Forest,0.746551724137931,0.7677362839844332,0.7465517241379309,0.7475094846804387
cross_condition,NonNative_InEar,Native_InEar,KNN,0.6637931034482759,0.6984191796510076,0.6637931034482759,0.6599207063774144
cross_condition,NonNative_InEar,Neutral_InEar,SVM,0.6879310344827586,0.6847458488115982,0.6879310344827586,0.6768550764852261
cross_condition,NonNative_InEar,Neutral_InEar,Random Forest,0.7362068965517241,0.7103938552282465,0.7362068965517241,0.7144474511117919
cross_condition,NonNative_InEar,Neutral_InEar,KNN,0.6189655172413793,0.6227906021500775,0.6189655172413793,0.5964437487840224
cross_condition,NonNative_InEar,Native_Bone,SVM,0.65,0.6660144366025236,0.65,0.6470815146194572
cross_condition,NonNative_InEar,Native_Bone,Random Forest,0.6655172413793103,0.6532346798655652,0.6655172413793102,0.6423061500028261
cross_condition,NonNative_InEar,Native_Bone,KNN,0.6137931034482759,0.6440455079510874,0.613793103448276,0.608872730711456
cross_condition,NonNative_InEar,NonNative_Bone,SVM,0.6741379310344827,0.6824907754920627,0.6741379310344827,0.6696322251970235
cross_condition,NonNative_InEar,NonNative_Bone,Random Forest,0.6775862068965517,0.6893904154519086,0.6775862068965518,0.6638765768840289
cross_condition,NonNative_InEar,NonNative_Bone,KNN,0.6224137931034482,0.6441761532923643,0.6224137931034484,0.6097892954518493
cross_condition,NonNative_InEar,Neutral_Bone,SVM,0.6620689655172414,0.6692057936417448,0.6620689655172415,0.6538448962250571
cross_condition,NonNative_InEar,Neutral_Bone,Random Forest,0.6448275862068965,0.6415104866996522,0.6448275862068965,0.6332027700182217
cross_condition,NonNative_InEar,Neutral_Bone,KNN,0.6120689655172413,0.6521909172411483,0.6120689655172414,0.60190015121423
cross_condition,Neutral_InEar,Native_InEar,SVM,0.6827586206896552,0.7064312846197026,0.6827586206896552,0.6805449538165496
cross_condition,Neutral_InEar,Native_InEar,Random Forest,0.7241379310344828,0.7272332622524624,0.7241379310344825,0.7205399844632517
cross_condition,Neutral_InEar,Native_InEar,KNN,0.6137931034482759,0.6324318496716931,0.6137931034482759,0.6101589787128209
cross_condition,Neutral_InEar,NonNative_InEar,SVM,0.6948275862068966,0.7207487379912622,0.6948275862068967,0.6964421788782295
cross_condition,Neutral_InEar,NonNative_InEar,Random Forest,0.7310344827586207,0.7433718094592786,0.7310344827586207,0.7321121191387887
cross_condition,Neutral_InEar,NonNative_InEar,KNN,0.6137931034482759,0.6570162932791581,0.6137931034482758,0.6137876874068521
cross_condition,Neutral_InEar,Native_Bone,SVM,0.6431034482758621,0.6398830910519143,0.6431034482758621,0.6205506900828012
cross_condition,Neutral_InEar,Native_Bone,Random Forest,0.6793103448275862,0.6771434342330227,0.6793103448275861,0.6542244649160133
cross_condition,Neutral_InEar,Native_Bone,KNN,0.603448275862069,0.6218029589087014,0.6034482758620691,0.584570407755452
cross_condition,Neutral_InEar,NonNative_Bone,SVM,0.6793103448275862,0.7073991803787321,0.679310344827586,0.6745360441462465
cross_condition,Neutral_InEar,NonNative_Bone,Random Forest,0.7137931034482758,0.7285132118536797,0.7137931034482758,0.7051867291727746
cross_condition,Neutral_InEar,NonNative_Bone,KNN,0.6258620689655172,0.6682937284968197,0.6258620689655172,0.6235026324458914
cross_condition,Neutral_InEar,Neutral_Bone,SVM,0.6241379310344828,0.6345978889219751,0.6241379310344827,0.6189197063026061
cross_condition,Neutral_InEar,Neutral_Bone,Random Forest,0.646551724137931,0.6540825500751529,0.6465517241379312,0.6397513588973309
cross_condition,Neutral_InEar,Neutral_Bone,KNN,0.593103448275862,0.6154132624912406,0.593103448275862,0.5873417043113218
cross_condition,Native_Bone,Native_InEar,SVM,0.6017241379310345,0.6093589907337997,0.6017241379310345,0.5765413761390773
cross_condition,Native_Bone,Native_InEar,Random Forest,0.6068965517241379,0.5840531351351853,0.6068965517241379,0.5772017603135767
cross_condition,Native_Bone,Native_InEar,KNN,0.5637931034482758,0.5652721608928302,0.5637931034482758,0.5423897588864485
cross_condition,Native_Bone,NonNative_InEar,SVM,0.6310344827586207,0.6317080792581166,0.6310344827586206,0.6148940037439499
cross_condition,Native_Bone,NonNative_InEar,Random Forest,0.6137931034482759,0.6133243480821501,0.6137931034482758,0.6023720417210482
cross_condition,Native_Bone,NonNative_InEar,KNN,0.5448275862068965,0.5537815893645319,0.5448275862068966,0.5232149776393721
cross_condition,Native_Bone,Neutral_InEar,SVM,0.6103448275862069,0.6198630016464389,0.6103448275862069,0.601481130859123
cross_condition,Native_Bone,Neutral_InEar,Random Forest,0.646551724137931,0.6362976687369255,0.6465517241379309,0.6298657614051886
cross_condition,Native_Bone,Neutral_InEar,KNN,0.5379310344827586,0.5812981725316435,0.5379310344827586,0.5239256449585743
cross_condition,Native_Bone,NonNative_Bone,SVM,0.6293103448275862,0.6776684073249701,0.6293103448275862,0.6152429942305632
cross_condition,Native_Bone,NonNative_Bone,Random Forest,0.6551724137931034,0.6589923666218311,0.6551724137931034,0.6311458553489933
cross_condition,Native_Bone,NonNative_Bone,KNN,0.5982758620689655,0.6031938939992486,0.5982758620689654,0.5721414976780188
cross_condition,Native_Bone,Neutral_Bone,SVM,0.6189655172413793,0.5812798675349902,0.6189655172413793,0.5909183644905334
cross_condition,Native_Bone,Neutral_Bone,Random Forest,0.6120689655172413,0.5831595924366135,0.6120689655172414,0.5852127587061038
cross_condition,Native_Bone,Neutral_Bone,KNN,0.5120689655172413,0.5020468618235968,0.5120689655172413,0.4810161084825492
cross_condition,NonNative_Bone,Native_InEar,SVM,0.656896551724138,0.673275200440696,0.6568965517241379,0.6471080735427206
cross_condition,NonNative_Bone,Native_InEar,Random Forest,0.7068965517241379,0.6939693525613881,0.7068965517241381,0.6910225222966243
cross_condition,NonNative_Bone,Native_InEar,KNN,0.6379310344827587,0.6380266063549421,0.6379310344827587,0.6276474383811139
cross_condition,NonNative_Bone,NonNative_InEar,SVM,0.6879310344827586,0.7057530871878916,0.6879310344827586,0.688798512255915
cross_condition,NonNative_Bone,NonNative_InEar,Random Forest,0.7327586206896551,0.7383313432031746,0.7327586206896551,0.7311997968245624
cross_condition,NonNative_Bone,NonNative_InEar,KNN,0.6206896551724138,0.6516742648577493,0.6206896551724138,0.6201330110072351
cross_condition,NonNative_Bone,Neutral_InEar,SVM,0.6931034482758621,0.7084422537870814,0.693103448275862,0.6951178887002922
cross_condition,NonNative_Bone,Neutral_InEar,Random Forest,0.7310344827586207,0.7397179073561136,0.7310344827586207,0.7248860382907456
cross_condition,NonNative_Bone,Neutral_InEar,KNN,0.6379310344827587,0.6560399644523789,0.6379310344827587,0.6370046043056845
cross_condition,NonNative_Bone,Native_Bone,SVM,0.6896551724137931,0.7238922370097189,0.6896551724137931,0.6914474419431192
cross_condition,NonNative_Bone,Native_Bone,Random Forest,0.7103448275862069,0.7281470883863942,0.7103448275862069,0.7045683255268729
cross_condition,NonNative_Bone,Native_Bone,KNN,0.6637931034482759,0.6831173202919761,0.6637931034482759,0.6636317385995832
cross_condition,NonNative_Bone,Neutral_Bone,SVM,0.65,0.6396414304711955,0.6500000000000001,0.6316647799395543
cross_condition,NonNative_Bone,Neutral_Bone,Random Forest,0.7051724137931035,0.6899371139805833,0.7051724137931035,0.6887332377938115
cross_condition,NonNative_Bone,Neutral_Bone,KNN,0.596551724137931,0.5949187019142482,0.596551724137931,0.5773486332052327
cross_condition,Neutral_Bone,Native_InEar,SVM,0.6172413793103448,0.6574697786690198,0.6172413793103448,0.6035486365768985
cross_condition,Neutral_Bone,Native_InEar,Random Forest,0.6396551724137931,0.6306447293815253,0.6396551724137931,0.6142026304653566
cross_condition,Neutral_Bone,Native_InEar,KNN,0.6327586206896552,0.6395311422398476,0.632758620689655,0.6120413378265048
cross_condition,Neutral_Bone,NonNative_InEar,SVM,0.6396551724137931,0.6619933870083246,0.6396551724137931,0.6346890905776285
cross_condition,Neutral_Bone,NonNative_InEar,Random Forest,0.6206896551724138,0.6096457096573731,0.6206896551724139,0.605163186920601
cross_condition,Neutral_Bone,NonNative_InEar,KNN,0.6120689655172413,0.6224651259743872,0.6120689655172413,0.5950833501143759
cross_condition,Neutral_Bone,Neutral_InEar,SVM,0.6620689655172414,0.6779597252006113,0.6620689655172415,0.6573328736284656
cross_condition,Neutral_Bone,Neutral_InEar,Random Forest,0.7155172413793104,0.7192367570708419,0.7155172413793103,0.7018836797940202
cross_condition,Neutral_Bone,Neutral_InEar,KNN,0.6275862068965518,0.6290542498437235,0.6275862068965516,0.6138422705209627
cross_condition,Neutral_Bone,Native_Bone,SVM,0.6189655172413793,0.628010474115889,0.6189655172413794,0.5927688241856274
cross_condition,Neutral_Bone,Native_Bone,Random Forest,0.6448275862068965,0.6429684002219581,0.6448275862068965,0.6102265925511652
cross_condition,Neutral_Bone,Native_Bone,KNN,0.6206896551724138,0.6167359594572177,0.6206896551724137,0.5941550595058493
cross_condition,Neutral_Bone,NonNative_Bone,SVM,0.65,0.6637894917065925,0.6499999999999999,0.6452675439570156
cross_condition,Neutral_Bone,NonNative_Bone,Random Forest,0.6862068965517242,0.6883670818900933,0.6862068965517241,0.670135713833304
cross_condition,Neutral_Bone,NonNative_Bone,KNN,0.6155172413793103,0.6234704738013093,0.6155172413793103,0.5972800722803439
