feature,importance,rank,target_condition
F8_beta_power,0.045165990073960875,1,Native_InEar
T7_beta_power,0.036011409589447964,2,Native_InEar
P4_beta_power,0.033381528400275265,3,Native_InEar
Cz_beta_power,0.031570017073828,4,Native_InEar
Cz_alpha_power,0.03111289366044895,5,Native_InEar
Cz_rms,0.03049852891516449,6,Native_InEar
Cz_variance,0.02982880076399985,7,Native_InEar
P4_variance,0.02979852272138867,8,Native_InEar
F8_beta_relative,0.02912673263031806,9,Native_InEar
P4_rms,0.02887626528887627,10,Native_InEar
Cz_std,0.028499418781371497,11,Native_InEar
P4_std,0.028254968226832194,12,Native_InEar
Cz_alpha_relative,0.028043875077167792,13,Native_InEar
T7_beta_relative,0.02123195331352359,14,Native_InEar
Cz_beta_relative,0.020329441396265358,15,Native_InEar
P4_alpha_power,0.0198893971275667,16,Native_InEar
F8_variance,0.01939251185903847,17,Native_InEar
F8_alpha_relative,0.019341560179616014,18,Native_InEar
T7_alpha_power,0.019022096501203924,19,Native_InEar
F8_std,0.018922332577615806,20,Native_InEar
F8_rms,0.018444226990983824,21,Native_InEar
F8_delta_relative,0.01814335842213674,22,Native_InEar
F8_delta_power,0.01728953635939597,23,Native_InEar
T7_rms,0.01692307888210503,24,Native_InEar
T7_std,0.015902385087440636,25,Native_InEar
P4_alpha_relative,0.015779505225155192,26,Native_InEar
T7_variance,0.01555918405753259,27,Native_InEar
F8_alpha_power,0.015373058188661694,28,Native_InEar
T7_alpha_relative,0.01487925570661449,29,Native_InEar
T7_theta_power,0.013475009920255961,30,Native_InEar
P4_delta_power,0.012916655121431916,31,Native_InEar
T7_delta_power,0.012444915575187314,32,Native_InEar
P4_max,0.01213778003754112,33,Native_InEar
P4_theta_power,0.012018558244878871,34,Native_InEar
Cz_delta_relative,0.011778703922465522,35,Native_InEar
P4_delta_relative,0.011759879835238147,36,Native_InEar
Cz_theta_power,0.011738581496151854,37,Native_InEar
P4_beta_relative,0.01143923525860289,38,Native_InEar
P4_theta_relative,0.011405511457507702,39,Native_InEar
P4_min,0.011243150397180187,40,Native_InEar
F8_theta_power,0.011004117991897322,41,Native_InEar
Cz_delta_power,0.0100729334874124,42,Native_InEar
T7_theta_relative,0.00970747907258764,43,Native_InEar
F8_min,0.009438842937960887,44,Native_InEar
F8_max,0.008597131845922442,45,Native_InEar
T7_delta_relative,0.008229115019385702,46,Native_InEar
T7_skewness,0.0079026249156347,47,Native_InEar
Cz_min,0.007850200614206123,48,Native_InEar
T7_kurtosis,0.007801895186737979,49,Native_InEar
F8_skewness,0.00775487282680582,50,Native_InEar
Cz_max,0.007670644446379536,51,Native_InEar
Cz_theta_relative,0.007623507661805729,52,Native_InEar
P4_kurtosis,0.0074747314139347295,53,Native_InEar
F8_theta_relative,0.00742740842997096,54,Native_InEar
P4_skewness,0.007277975819071852,55,Native_InEar
F8_kurtosis,0.006799360204113788,56,Native_InEar
T7_min,0.0067772503423662875,57,Native_InEar
T7_max,0.005849812745106986,58,Native_InEar
Cz_kurtosis,0.005070808034918162,59,Native_InEar
Cz_skewness,0.0047462185562822485,60,Native_InEar
F8_mean,0.004161423391929792,61,Native_InEar
T7_mean,0.004092153642090283,62,Native_InEar
Cz_mean,0.003913528030443489,63,Native_InEar
P4_mean,0.0038061490386576387,64,Native_InEar
F8_beta_power,0.040565659517540834,1,NonNative_InEar
T7_beta_power,0.036730473414884626,2,NonNative_InEar
Cz_alpha_power,0.03284610620592015,3,NonNative_InEar
P4_beta_power,0.0316899067191085,4,NonNative_InEar
Cz_beta_power,0.03162625363672875,5,NonNative_InEar
Cz_rms,0.03097833259620415,6,NonNative_InEar
P4_std,0.030505290049946128,7,NonNative_InEar
Cz_variance,0.02984324661939454,8,NonNative_InEar
P4_variance,0.02945450128919943,9,NonNative_InEar
Cz_std,0.028763585374376746,10,NonNative_InEar
P4_rms,0.0284012880049377,11,NonNative_InEar
F8_beta_relative,0.027282461860009412,12,NonNative_InEar
Cz_alpha_relative,0.026457823884062735,13,NonNative_InEar
T7_beta_relative,0.022026562690800503,14,NonNative_InEar
F8_alpha_relative,0.020921681486691806,15,NonNative_InEar
Cz_beta_relative,0.020342192663832366,16,NonNative_InEar
P4_alpha_power,0.020271468889103583,17,NonNative_InEar
F8_variance,0.01936284894632758,18,NonNative_InEar
T7_rms,0.019266940552588124,19,NonNative_InEar
F8_std,0.018715934578807655,20,NonNative_InEar
F8_delta_relative,0.018594058873797198,21,NonNative_InEar
T7_alpha_power,0.018556255264713998,22,NonNative_InEar
F8_rms,0.018532397040795866,23,NonNative_InEar
T7_std,0.017345282038107937,24,NonNative_InEar
T7_variance,0.017078882177362566,25,NonNative_InEar
F8_delta_power,0.016988758025118775,26,NonNative_InEar
F8_alpha_power,0.01466580191311384,27,NonNative_InEar
P4_delta_power,0.013976621359060646,28,NonNative_InEar
T7_alpha_relative,0.013940326177266317,29,NonNative_InEar
T7_theta_power,0.013551545430357385,30,NonNative_InEar
P4_alpha_relative,0.01352515570864505,31,NonNative_InEar
P4_min,0.013067206009416472,32,NonNative_InEar
Cz_delta_relative,0.012494098307848193,33,NonNative_InEar
F8_theta_power,0.011693833826079908,34,NonNative_InEar
P4_theta_relative,0.01143836088837804,35,NonNative_InEar
P4_theta_power,0.01141147908895958,36,NonNative_InEar
T7_delta_power,0.01136048847426723,37,NonNative_InEar
P4_max,0.011290106350150127,38,NonNative_InEar
P4_beta_relative,0.011179506396796877,39,NonNative_InEar
Cz_theta_power,0.010935769389054334,40,NonNative_InEar
P4_delta_relative,0.010534252676281249,41,NonNative_InEar
Cz_delta_power,0.010327560386093438,42,NonNative_InEar
T7_theta_relative,0.010326583894896465,43,NonNative_InEar
F8_min,0.00950773638847378,44,NonNative_InEar
F8_skewness,0.009011766677380776,45,NonNative_InEar
Cz_min,0.008626392947295204,46,NonNative_InEar
T7_min,0.008227490821459035,47,NonNative_InEar
T7_delta_relative,0.008180714997266554,48,NonNative_InEar
F8_theta_relative,0.007825771739480234,49,NonNative_InEar
F8_max,0.007796360720489723,50,NonNative_InEar
Cz_max,0.007581474022138863,51,NonNative_InEar
Cz_theta_relative,0.007375762230113007,52,NonNative_InEar
P4_skewness,0.007314410928786903,53,NonNative_InEar
F8_kurtosis,0.00702086649385846,54,NonNative_InEar
T7_skewness,0.0069000472597554345,55,NonNative_InEar
T7_max,0.006782330343563503,56,NonNative_InEar
P4_kurtosis,0.006532395074223884,57,NonNative_InEar
T7_kurtosis,0.006267279621055999,58,NonNative_InEar
Cz_kurtosis,0.005413164827087285,59,NonNative_InEar
Cz_skewness,0.004805203702318678,60,NonNative_InEar
F8_mean,0.004423027586016137,61,NonNative_InEar
T7_mean,0.004003225344257716,62,NonNative_InEar
Cz_mean,0.0038469947895159364,63,NonNative_InEar
P4_mean,0.003690694808436073,64,NonNative_InEar
F8_beta_power,0.04211311644409722,1,Neutral_InEar
Cz_beta_power,0.035437934771687725,2,Neutral_InEar
T7_beta_power,0.03500706174792335,3,Neutral_InEar
Cz_alpha_power,0.033119895877044045,4,Neutral_InEar
P4_beta_power,0.031294083113150156,5,Neutral_InEar
P4_variance,0.0309331144063417,6,Neutral_InEar
P4_rms,0.02996301299580401,7,Neutral_InEar
Cz_rms,0.029435193947073043,8,Neutral_InEar
Cz_std,0.02939657388106514,9,Neutral_InEar
P4_std,0.02920907535027626,10,Neutral_InEar
Cz_variance,0.026453555720360886,11,Neutral_InEar
F8_beta_relative,0.025642243439855453,12,Neutral_InEar
Cz_alpha_relative,0.025317593641785385,13,Neutral_InEar
P4_alpha_power,0.021544095101787314,14,Neutral_InEar
T7_beta_relative,0.021423816500508463,15,Neutral_InEar
Cz_beta_relative,0.02113001381064269,16,Neutral_InEar
F8_delta_relative,0.02019007038976206,17,Neutral_InEar
F8_alpha_relative,0.02003108788840987,18,Neutral_InEar
F8_variance,0.019864022152377415,19,Neutral_InEar
F8_rms,0.018343496776191612,20,Neutral_InEar
T7_alpha_power,0.018035909764041822,21,Neutral_InEar
T7_std,0.017621538268136325,22,Neutral_InEar
F8_std,0.017426839594638314,23,Neutral_InEar
T7_rms,0.017302826879204772,24,Neutral_InEar
T7_alpha_relative,0.01699506218528065,25,Neutral_InEar
F8_delta_power,0.016938094453595617,26,Neutral_InEar
T7_variance,0.01660912504202221,27,Neutral_InEar
F8_alpha_power,0.015223779850793739,28,Neutral_InEar
P4_alpha_relative,0.014993403734849885,29,Neutral_InEar
P4_delta_power,0.013530483393613043,30,Neutral_InEar
T7_theta_power,0.013504467600643546,31,Neutral_InEar
P4_max,0.012107868816196896,32,Neutral_InEar
F8_theta_power,0.011660983749151962,33,Neutral_InEar
P4_delta_relative,0.011521977739692687,34,Neutral_InEar
P4_theta_relative,0.011518401357911157,35,Neutral_InEar
Cz_theta_power,0.011437697378532185,36,Neutral_InEar
P4_beta_relative,0.011416886379468815,37,Neutral_InEar
P4_min,0.010751141042912072,38,Neutral_InEar
Cz_delta_relative,0.010553224115372016,39,Neutral_InEar
T7_delta_power,0.010521799551840906,40,Neutral_InEar
P4_theta_power,0.010380542967171714,41,Neutral_InEar
F8_min,0.01004667370285242,42,Neutral_InEar
Cz_delta_power,0.00981919720794323,43,Neutral_InEar
T7_theta_relative,0.00940063347347069,44,Neutral_InEar
F8_skewness,0.008609708249457605,45,Neutral_InEar
Cz_max,0.00857804492584871,46,Neutral_InEar
P4_kurtosis,0.008277586114420562,47,Neutral_InEar
Cz_theta_relative,0.008196772298900151,48,Neutral_InEar
T7_delta_relative,0.008135809598754177,49,Neutral_InEar
Cz_min,0.008072218493229753,50,Neutral_InEar
F8_max,0.007954547759672081,51,Neutral_InEar
F8_kurtosis,0.007934334996325404,52,Neutral_InEar
F8_theta_relative,0.00788908874039409,53,Neutral_InEar
T7_skewness,0.007423092921643224,54,Neutral_InEar
P4_skewness,0.0070960878372980495,55,Neutral_InEar
T7_kurtosis,0.00706811440510459,56,Neutral_InEar
T7_min,0.0066270061427752425,57,Neutral_InEar
T7_max,0.0064856924716153695,58,Neutral_InEar
Cz_kurtosis,0.005419070395023112,59,Neutral_InEar
Cz_skewness,0.0047991183688362435,60,Neutral_InEar
F8_mean,0.004322732433579501,61,Neutral_InEar
T7_mean,0.004248529059934311,62,Neutral_InEar
Cz_mean,0.004006095606599205,63,Neutral_InEar
P4_mean,0.0036887329751081536,64,Neutral_InEar
F8_beta_power,0.046067434022987526,1,Native_Bone
T7_beta_power,0.0395656239803808,2,Native_Bone
Cz_beta_power,0.03438341828507353,3,Native_Bone
P4_beta_power,0.03312086080041737,4,Native_Bone
Cz_alpha_power,0.031036545026429982,5,Native_Bone
Cz_rms,0.03031604890894509,6,Native_Bone
P4_variance,0.029789518371260405,7,Native_Bone
Cz_variance,0.028879109776710057,8,Native_Bone
P4_std,0.028254494980508,9,Native_Bone
Cz_std,0.02794845881218766,10,Native_Bone
P4_rms,0.026684296585574953,11,Native_Bone
Cz_alpha_relative,0.026386585198506122,12,Native_Bone
F8_beta_relative,0.02605725149781698,13,Native_Bone
P4_alpha_power,0.021476858567155768,14,Native_Bone
F8_variance,0.02060999514944093,15,Native_Bone
Cz_beta_relative,0.020501798142475817,16,Native_Bone
F8_rms,0.02034370890146914,17,Native_Bone
F8_alpha_relative,0.01999799146997976,18,Native_Bone
F8_delta_relative,0.019466647092336996,19,Native_Bone
T7_beta_relative,0.019063164147950326,20,Native_Bone
T7_std,0.018885133837208568,21,Native_Bone
T7_rms,0.018479125794577955,22,Native_Bone
F8_std,0.01845132978115127,23,Native_Bone
T7_variance,0.018263117124305346,24,Native_Bone
T7_alpha_power,0.018056812321372843,25,Native_Bone
F8_delta_power,0.0173949141919738,26,Native_Bone
P4_alpha_relative,0.015564900590167387,27,Native_Bone
F8_alpha_power,0.015463934267155158,28,Native_Bone
T7_alpha_relative,0.014192244823619155,29,Native_Bone
P4_delta_power,0.012663758657613067,30,Native_Bone
F8_theta_power,0.012379618386431321,31,Native_Bone
T7_theta_power,0.012031345715339972,32,Native_Bone
P4_theta_relative,0.011996162111666226,33,Native_Bone
Cz_delta_relative,0.01194601971194308,34,Native_Bone
Cz_theta_power,0.011631950996242308,35,Native_Bone
P4_min,0.011334815514155263,36,Native_Bone
P4_max,0.011175399400196231,37,Native_Bone
P4_beta_relative,0.010727254040696584,38,Native_Bone
T7_delta_power,0.010198513289619722,39,Native_Bone
Cz_delta_power,0.010190400627794844,40,Native_Bone
P4_delta_relative,0.010032741399584868,41,Native_Bone
P4_theta_power,0.009921462446819084,42,Native_Bone
F8_max,0.009706725498166164,43,Native_Bone
F8_min,0.008987161964396213,44,Native_Bone
T7_theta_relative,0.008901314602694124,45,Native_Bone
Cz_theta_relative,0.008530102450325623,46,Native_Bone
F8_theta_relative,0.008456954842093784,47,Native_Bone
F8_skewness,0.00839339215234311,48,Native_Bone
Cz_min,0.008075071030342312,49,Native_Bone
T7_delta_relative,0.008028053777561805,50,Native_Bone
P4_skewness,0.00725988550347978,51,Native_Bone
T7_min,0.007250476865179704,52,Native_Bone
F8_kurtosis,0.007088313959845166,53,Native_Bone
P4_kurtosis,0.0070875387904490465,54,Native_Bone
Cz_max,0.007007135086389805,55,Native_Bone
T7_skewness,0.006840951813447302,56,Native_Bone
T7_kurtosis,0.0067958076683437285,57,Native_Bone
T7_max,0.006050594133309352,58,Native_Bone
Cz_kurtosis,0.004733686379510722,59,Native_Bone
Cz_skewness,0.004417089696647847,60,Native_Bone
T7_mean,0.004056387693798769,61,Native_Bone
F8_mean,0.00404426091309202,62,Native_Bone
Cz_mean,0.0037142385851848996,63,Native_Bone
P4_mean,0.0036440918461574465,64,Native_Bone
F8_beta_power,0.04175360843171494,1,NonNative_Bone
T7_beta_power,0.03671422689084043,2,NonNative_Bone
Cz_alpha_power,0.034537633204831726,3,NonNative_Bone
Cz_beta_power,0.03220805657220134,4,NonNative_Bone
P4_beta_power,0.03211868319789852,5,NonNative_Bone
P4_std,0.030114051402060343,6,NonNative_Bone
P4_rms,0.030003361418453986,7,NonNative_Bone
Cz_variance,0.02892070884685072,8,NonNative_Bone
P4_variance,0.028120626204121656,9,NonNative_Bone
Cz_rms,0.02780571227211226,10,NonNative_Bone
Cz_alpha_relative,0.027758077678744702,11,NonNative_Bone
Cz_std,0.02651205681803446,12,NonNative_Bone
F8_beta_relative,0.026114034012178558,13,NonNative_Bone
T7_beta_relative,0.022425383246759963,14,NonNative_Bone
P4_alpha_power,0.020850903630459983,15,NonNative_Bone
Cz_beta_relative,0.02019125055693749,16,NonNative_Bone
F8_alpha_relative,0.02019046894307417,17,NonNative_Bone
F8_variance,0.01941255401953458,18,NonNative_Bone
F8_delta_relative,0.01939235372583,19,NonNative_Bone
T7_alpha_power,0.019370091908173227,20,NonNative_Bone
F8_std,0.018849112643727226,21,NonNative_Bone
F8_rms,0.018411524928050083,22,NonNative_Bone
T7_variance,0.017890611192638017,23,NonNative_Bone
T7_std,0.01704337051076689,24,NonNative_Bone
F8_delta_power,0.017022520882897296,25,NonNative_Bone
P4_alpha_relative,0.016700360675896257,26,NonNative_Bone
T7_rms,0.016139457511999543,27,NonNative_Bone
F8_alpha_power,0.016026220539313213,28,NonNative_Bone
T7_alpha_relative,0.015115456142711259,29,NonNative_Bone
T7_theta_power,0.013244642348341837,30,NonNative_Bone
P4_theta_relative,0.012095620794873427,31,NonNative_Bone
F8_theta_power,0.012030711900808068,32,NonNative_Bone
P4_delta_power,0.011746712822649451,33,NonNative_Bone
Cz_theta_power,0.01170452550478778,34,NonNative_Bone
P4_beta_relative,0.011421096022639899,35,NonNative_Bone
P4_min,0.011163324749016039,36,NonNative_Bone
P4_theta_power,0.011156770097608322,37,NonNative_Bone
Cz_delta_relative,0.010973792960414395,38,NonNative_Bone
P4_delta_relative,0.010893559745669303,39,NonNative_Bone
Cz_delta_power,0.01073850893435469,40,NonNative_Bone
T7_delta_power,0.010585345363278695,41,NonNative_Bone
F8_max,0.010245287315107427,42,NonNative_Bone
F8_min,0.010172540055477035,43,NonNative_Bone
P4_max,0.010098720498073388,44,NonNative_Bone
T7_theta_relative,0.00969968126167013,45,NonNative_Bone
T7_delta_relative,0.00860146525884294,46,NonNative_Bone
Cz_min,0.008156355230296819,47,NonNative_Bone
F8_theta_relative,0.008052599093428016,48,NonNative_Bone
Cz_theta_relative,0.007839191365215268,49,NonNative_Bone
F8_skewness,0.007791164000720865,50,NonNative_Bone
P4_skewness,0.007662264180071159,51,NonNative_Bone
T7_min,0.007606289089447615,52,NonNative_Bone
Cz_max,0.007480907096356881,53,NonNative_Bone
T7_kurtosis,0.007421313289494904,54,NonNative_Bone
F8_kurtosis,0.007411954497525114,55,NonNative_Bone
T7_skewness,0.007410087921484493,56,NonNative_Bone
P4_kurtosis,0.007229965437976176,57,NonNative_Bone
T7_max,0.006100504565142118,58,NonNative_Bone
Cz_kurtosis,0.005651401817876889,59,NonNative_Bone
Cz_skewness,0.004686998121490013,60,NonNative_Bone
T7_mean,0.004037441530017802,61,NonNative_Bone
P4_mean,0.0038044998276684744,62,NonNative_Bone
Cz_mean,0.0037416423225502655,63,NonNative_Bone
F8_mean,0.003630636970811506,64,NonNative_Bone
F8_beta_power,0.04329370920770154,1,Neutral_Bone
T7_beta_power,0.03474388449008948,2,Neutral_Bone
P4_variance,0.03457112096220285,3,Neutral_Bone
Cz_beta_power,0.032824555135938197,4,Neutral_Bone
P4_beta_power,0.0320084120764004,5,Neutral_Bone
Cz_alpha_power,0.03110309678511213,6,Neutral_Bone
P4_std,0.030801535968343865,7,Neutral_Bone
P4_rms,0.030035167991938075,8,Neutral_Bone
Cz_variance,0.029997060347479686,9,Neutral_Bone
Cz_rms,0.028758547299514946,10,Neutral_Bone
Cz_std,0.02788012088624597,11,Neutral_Bone
Cz_alpha_relative,0.027183254961798152,12,Neutral_Bone
F8_beta_relative,0.02684793314232283,13,Neutral_Bone
F8_alpha_relative,0.020952901365426956,14,Neutral_Bone
P4_alpha_power,0.020618230992925448,15,Neutral_Bone
F8_delta_relative,0.020230539151544446,16,Neutral_Bone
T7_beta_relative,0.01993991748053403,17,Neutral_Bone
F8_variance,0.019543043314338305,18,Neutral_Bone
F8_rms,0.019094610561986566,19,Neutral_Bone
F8_std,0.018942271297632013,20,Neutral_Bone
Cz_beta_relative,0.018237016866121118,21,Neutral_Bone
T7_alpha_power,0.018084395955931087,22,Neutral_Bone
T7_rms,0.017413411544161827,23,Neutral_Bone
F8_delta_power,0.01740822521896431,24,Neutral_Bone
T7_std,0.016021346868817277,25,Neutral_Bone
P4_alpha_relative,0.015930591294872204,26,Neutral_Bone
F8_alpha_power,0.015590881142011254,27,Neutral_Bone
T7_variance,0.015266729418516574,28,Neutral_Bone
T7_alpha_relative,0.014561731492677565,29,Neutral_Bone
P4_delta_power,0.013229614627587523,30,Neutral_Bone
Cz_delta_relative,0.012590603074974525,31,Neutral_Bone
T7_theta_power,0.012579921214750083,32,Neutral_Bone
F8_theta_power,0.01213493566331594,33,Neutral_Bone
P4_delta_relative,0.012032267080886443,34,Neutral_Bone
P4_beta_relative,0.01164644743309926,35,Neutral_Bone
T7_delta_power,0.011480923217476166,36,Neutral_Bone
P4_min,0.011300871907575949,37,Neutral_Bone
P4_theta_relative,0.010942629736942879,38,Neutral_Bone
P4_max,0.01090710852890567,39,Neutral_Bone
Cz_theta_power,0.010835110699998879,40,Neutral_Bone
Cz_delta_power,0.010227015077715007,41,Neutral_Bone
P4_theta_power,0.010203009601580944,42,Neutral_Bone
F8_min,0.00967874707801464,43,Neutral_Bone
F8_max,0.00914425701894076,44,Neutral_Bone
T7_theta_relative,0.009086110427358747,45,Neutral_Bone
T7_delta_relative,0.008747700092421878,46,Neutral_Bone
Cz_min,0.008488733807650336,47,Neutral_Bone
Cz_max,0.008428914963183683,48,Neutral_Bone
F8_kurtosis,0.008329785591342356,49,Neutral_Bone
P4_kurtosis,0.007973080409967227,50,Neutral_Bone
F8_skewness,0.007758281209350658,51,Neutral_Bone
F8_theta_relative,0.0077500305085708345,52,Neutral_Bone
Cz_theta_relative,0.0074276210069988795,53,Neutral_Bone
T7_min,0.007279193591879162,54,Neutral_Bone
T7_kurtosis,0.007181357614296082,55,Neutral_Bone
P4_skewness,0.00686301989302173,56,Neutral_Bone
T7_skewness,0.006288400797734465,57,Neutral_Bone
T7_max,0.0061985287884435535,58,Neutral_Bone
Cz_kurtosis,0.005411421660518706,59,Neutral_Bone
Cz_skewness,0.004694486971053599,60,Neutral_Bone
T7_mean,0.0041468521490535815,61,Neutral_Bone
F8_mean,0.0038399453464930517,62,Neutral_Bone
Cz_mean,0.0036814305212608213,63,Neutral_Bone
P4_mean,0.0036073994660869185,64,Neutral_Bone
