target_condition,feature_set_size,accuracy,precision,recall,f1
Native_InEar,10,0.7413793103448276,0.7421008313632625,0.7413793103448276,0.734871549985586
Native_InEar,20,0.8051724137931034,0.8050852929236303,0.8051724137931036,0.7967510954140569
Native_InEar,30,0.8310344827586207,0.8397284898750417,0.8310344827586207,0.8234113830190205
Native_InEar,64,0.8275862068965517,0.8347388922172453,0.8275862068965516,0.8209038368455202
NonNative_InEar,10,0.7034482758620689,0.7146854553528172,0.703448275862069,0.7013001774975391
NonNative_InEar,20,0.8120689655172414,0.8153743318830834,0.8120689655172413,0.8097205887120154
NonNative_InEar,30,0.8189655172413793,0.8232555180040672,0.8189655172413793,0.8167975647673351
NonNative_InEar,64,0.8379310344827586,0.8433972331702858,0.8379310344827585,0.8356465106222742
Neutral_InEar,10,0.7620689655172413,0.7566427962928487,0.7620689655172412,0.7518542994254294
Neutral_InEar,20,0.8396551724137931,0.8386507574726838,0.8396551724137931,0.8358351633668519
Neutral_InEar,30,0.8482758620689655,0.8491203172251722,0.8482758620689653,0.8455805896771297
Neutral_InEar,64,0.8689655172413793,0.8677533039312093,0.8689655172413794,0.8655569424066979
Native_Bone,10,0.6827586206896552,0.6945918966785902,0.6827586206896552,0.6710739998446739
Native_Bone,20,0.7586206896551724,0.7744077088591258,0.7586206896551724,0.7479731612581072
Native_Bone,30,0.7827586206896552,0.7939386977599463,0.7827586206896551,0.7735338071644309
Native_Bone,64,0.7931034482758621,0.8071195226528637,0.793103448275862,0.7813283768621846
NonNative_Bone,10,0.7017241379310345,0.7120433158889997,0.7017241379310345,0.6995627928105036
NonNative_Bone,20,0.7913793103448276,0.8095631936944055,0.7913793103448276,0.790041981538971
NonNative_Bone,30,0.8103448275862069,0.8283303555902679,0.8103448275862067,0.80795732680177
NonNative_Bone,64,0.8344827586206897,0.8467226637346419,0.8344827586206897,0.8319575743989661
Neutral_Bone,10,0.6827586206896552,0.6843304310451431,0.6827586206896551,0.6780671403562077
Neutral_Bone,20,0.7655172413793103,0.7608366858236842,0.7655172413793103,0.7571317235667545
Neutral_Bone,30,0.7862068965517242,0.7868575807890404,0.7862068965517242,0.7789308271614293
Neutral_Bone,64,0.8051724137931034,0.808118258927655,0.8051724137931036,0.7995819141884404
