feature,top10_count,top20_count,top30_count
P4_variance,6,6,6
P4_beta_power,6,6,6
Cz_rms,6,6,6
Cz_alpha_power,6,6,6
Cz_beta_power,6,6,6
F8_beta_power,6,6,6
T7_beta_power,6,6,6
P4_std,5,6,6
Cz_variance,5,6,6
P4_rms,4,6,6
Cz_std,3,6,6
F8_beta_relative,1,6,6
P4_alpha_power,0,6,6
Cz_alpha_relative,0,6,6
F8_variance,0,6,6
F8_alpha_relative,0,6,6
T7_beta_relative,0,6,6
Cz_beta_relative,0,5,6
F8_delta_relative,0,4,6
F8_std,0,3,6
F8_rms,0,3,6
T7_alpha_power,0,2,6
T7_rms,0,1,6
F8_delta_power,0,0,6
F8_alpha_power,0,0,6
T7_std,0,0,6
T7_variance,0,0,6
T7_alpha_relative,0,0,6
P4_alpha_relative,0,0,5
P4_delta_power,0,0,4
T7_theta_power,0,0,3
P4_mean,0,0,0
P4_skewness,0,0,0
P4_kurtosis,0,0,0
P4_min,0,0,0
P4_max,0,0,0
P4_delta_relative,0,0,0
P4_theta_power,0,0,0
P4_theta_relative,0,0,0
P4_beta_relative,0,0,0
Cz_mean,0,0,0
Cz_skewness,0,0,0
Cz_kurtosis,0,0,0
Cz_min,0,0,0
Cz_max,0,0,0
Cz_delta_power,0,0,0
Cz_delta_relative,0,0,0
Cz_theta_power,0,0,0
Cz_theta_relative,0,0,0
F8_mean,0,0,0
F8_skewness,0,0,0
F8_kurtosis,0,0,0
F8_min,0,0,0
F8_max,0,0,0
F8_theta_power,0,0,0
F8_theta_relative,0,0,0
T7_mean,0,0,0
T7_skewness,0,0,0
T7_kurtosis,0,0,0
T7_min,0,0,0
T7_max,0,0,0
T7_delta_power,0,0,0
T7_delta_relative,0,0,0
T7_theta_relative,0,0,0
