enrollment_size,train_conditions,target_condition,train_windows,test_windows,accuracy,precision,recall,f1
1,NonNative_InEar,Native_InEar,580,580,0.7879310344827586,0.8051055553908327,0.7879310344827586,0.7841741567135052
1,Neutral_InEar,Native_InEar,580,580,0.7396551724137931,0.7463596346204214,0.7396551724137931,0.736858109231219
1,Native_Bone,Native_InEar,580,580,0.6327586206896552,0.6113193259535363,0.6327586206896552,0.6044526843695962
1,NonNative_Bone,Native_InEar,580,580,0.7396551724137931,0.7373094541381813,0.7396551724137932,0.7278527468481867
1,Neutral_Bone,Native_InEar,580,580,0.646551724137931,0.6577275674812929,0.6465517241379309,0.6278542634748825
2,NonNative_InEar|Neutral_InEar,Native_InEar,1160,580,0.8155172413793104,0.8264514177241431,0.8155172413793104,0.8115366244593194
2,NonNative_InEar|Native_Bone,Native_InEar,1160,580,0.7793103448275862,0.7874862449576996,0.7793103448275861,0.7742637238819545
2,NonNative_InEar|NonNative_Bone,Native_InEar,1160,580,0.8103448275862069,0.821190999805277,0.810344827586207,0.8068728499404804
2,NonNative_InEar|Neutral_Bone,Native_InEar,1160,580,0.8086206896551724,0.8259541416537832,0.8086206896551724,0.8044491811396408
2,Neutral_InEar|Native_Bone,Native_InEar,1160,580,0.7689655172413793,0.7799037719800986,0.7689655172413793,0.7629333864790995
2,Neutral_InEar|NonNative_Bone,Native_InEar,1160,580,0.7913793103448276,0.7997503350070336,0.7913793103448274,0.7882331328866453
2,Neutral_InEar|Neutral_Bone,Native_InEar,1160,580,0.7741379310344828,0.7836450988084438,0.7741379310344827,0.7702918654603056
2,Native_Bone|NonNative_Bone,Native_InEar,1160,580,0.7706896551724138,0.7643615484704207,0.7706896551724138,0.7582864766977128
2,Native_Bone|Neutral_Bone,Native_InEar,1160,580,0.7224137931034482,0.7263567111520148,0.7224137931034482,0.7134240179387152
2,NonNative_Bone|Neutral_Bone,Native_InEar,1160,580,0.7603448275862069,0.7625916000039163,0.7603448275862069,0.7483495168327414
3,NonNative_InEar|Neutral_InEar|Native_Bone,Native_InEar,1740,580,0.8086206896551724,0.8163246520222984,0.8086206896551722,0.801083262794324
3,NonNative_InEar|Neutral_InEar|NonNative_Bone,Native_InEar,1740,580,0.8293103448275863,0.8387542314533887,0.8293103448275863,0.8262349380151095
3,NonNative_InEar|Neutral_InEar|Neutral_Bone,Native_InEar,1740,580,0.8241379310344827,0.8275738835437112,0.8241379310344827,0.8183402078485276
3,NonNative_InEar|Native_Bone|NonNative_Bone,Native_InEar,1740,580,0.8189655172413793,0.8265059597366158,0.8189655172413793,0.8126156539992045
3,NonNative_InEar|Native_Bone|Neutral_Bone,Native_InEar,1740,580,0.8172413793103448,0.82428220419136,0.8172413793103448,0.8097042647377224
3,NonNative_InEar|NonNative_Bone|Neutral_Bone,Native_InEar,1740,580,0.8310344827586207,0.8363729112209519,0.8310344827586207,0.824863001836114
3,Neutral_InEar|Native_Bone|NonNative_Bone,Native_InEar,1740,580,0.8103448275862069,0.8137010440013286,0.810344827586207,0.8039596457828615
3,Neutral_InEar|Native_Bone|Neutral_Bone,Native_InEar,1740,580,0.7931034482758621,0.7986904155245311,0.793103448275862,0.7869721068937989
3,Neutral_InEar|NonNative_Bone|Neutral_Bone,Native_InEar,1740,580,0.8120689655172414,0.811005734496766,0.8120689655172413,0.8036289155747752
3,Native_Bone|NonNative_Bone|Neutral_Bone,Native_InEar,1740,580,0.7896551724137931,0.7860504859784234,0.789655172413793,0.7786016545555444
5,NonNative_InEar|Neutral_InEar|Native_Bone|NonNative_Bone|Neutral_Bone,Native_InEar,2900,580,0.8275862068965517,0.8347388922172453,0.8275862068965516,0.8209038368455202
1,Native_InEar,NonNative_InEar,580,580,0.8051724137931034,0.8148635200163963,0.8051724137931033,0.8008832314688625
1,Neutral_InEar,NonNative_InEar,580,580,0.7379310344827587,0.7455116624596438,0.7379310344827587,0.7378698352255887
1,Native_Bone,NonNative_InEar,580,580,0.6810344827586207,0.6697412531335382,0.6810344827586208,0.6645117268942082
1,NonNative_Bone,NonNative_InEar,580,580,0.7620689655172413,0.7726164442278692,0.7620689655172413,0.7604268160703651
1,Neutral_Bone,NonNative_InEar,580,580,0.6706896551724137,0.6786409126603593,0.6706896551724137,0.6574538233338468
2,Native_InEar|Neutral_InEar,NonNative_InEar,1160,580,0.8172413793103448,0.8296994076430376,0.8172413793103448,0.8165293264036144
2,Native_InEar|Native_Bone,NonNative_InEar,1160,580,0.8103448275862069,0.8145513900562849,0.810344827586207,0.806008674952252
2,Native_InEar|NonNative_Bone,NonNative_InEar,1160,580,0.8293103448275863,0.8384607036453605,0.8293103448275861,0.8261869889020765
2,Native_InEar|Neutral_Bone,NonNative_InEar,1160,580,0.8344827586206897,0.83991359621125,0.8344827586206897,0.8330754708343628
2,Neutral_InEar|Native_Bone,NonNative_InEar,1160,580,0.803448275862069,0.8124766738969418,0.8034482758620689,0.8025114806457015
2,Neutral_InEar|NonNative_Bone,NonNative_InEar,1160,580,0.7810344827586206,0.7896017969177034,0.7810344827586208,0.7804226301009546
2,Neutral_InEar|Neutral_Bone,NonNative_InEar,1160,580,0.7689655172413793,0.7793486076592806,0.7689655172413792,0.7665924310391812
2,Native_Bone|NonNative_Bone,NonNative_InEar,1160,580,0.8068965517241379,0.8099350115644308,0.8068965517241379,0.8041509687230997
2,Native_Bone|Neutral_Bone,NonNative_InEar,1160,580,0.7448275862068966,0.7562700351493736,0.7448275862068965,0.7447392039310812
2,NonNative_Bone|Neutral_Bone,NonNative_InEar,1160,580,0.7862068965517242,0.7943522086110739,0.786206896551724,0.7837717349567336
3,Native_InEar|Neutral_InEar|Native_Bone,NonNative_InEar,1740,580,0.8396551724137931,0.8486867591107596,0.8396551724137931,0.8386234793863375
3,Native_InEar|Neutral_InEar|NonNative_Bone,NonNative_InEar,1740,580,0.8310344827586207,0.8420123692715205,0.8310344827586208,0.829899059374057
3,Native_InEar|Neutral_InEar|Neutral_Bone,NonNative_InEar,1740,580,0.8448275862068966,0.8562774292141148,0.8448275862068966,0.8433310127207152
3,Native_InEar|Native_Bone|NonNative_Bone,NonNative_InEar,1740,580,0.8293103448275863,0.8352719962379599,0.8293103448275861,0.826154645915184
3,Native_InEar|Native_Bone|Neutral_Bone,NonNative_InEar,1740,580,0.8258620689655173,0.8322590747843357,0.8258620689655173,0.8235682096828585
3,Native_InEar|NonNative_Bone|Neutral_Bone,NonNative_InEar,1740,580,0.8241379310344827,0.8288689085055427,0.8241379310344827,0.8220786786014292
3,Neutral_InEar|Native_Bone|NonNative_Bone,NonNative_InEar,1740,580,0.8189655172413793,0.8223115949681663,0.8189655172413793,0.816298088576147
3,Neutral_InEar|Native_Bone|Neutral_Bone,NonNative_InEar,1740,580,0.8137931034482758,0.8187884209324967,0.8137931034482758,0.8120489062242979
3,Neutral_InEar|NonNative_Bone|Neutral_Bone,NonNative_InEar,1740,580,0.803448275862069,0.811733506121854,0.8034482758620689,0.8020797415416758
3,Native_Bone|NonNative_Bone|Neutral_Bone,NonNative_InEar,1740,580,0.8155172413793104,0.8198649877759836,0.8155172413793104,0.814321121450478
5,Native_InEar|Neutral_InEar|Native_Bone|NonNative_Bone|Neutral_Bone,NonNative_InEar,2900,580,0.8379310344827586,0.8433972331702858,0.8379310344827585,0.8356465106222742
1,Native_InEar,Neutral_InEar,580,580,0.7775862068965518,0.7736559676869896,0.7775862068965517,0.7678278686974888
1,NonNative_InEar,Neutral_InEar,580,580,0.8068965517241379,0.7941947080695881,0.8068965517241379,0.7914272047382235
1,Native_Bone,Neutral_InEar,580,580,0.6741379310344827,0.6599000049623301,0.6741379310344827,0.652227070530903
1,NonNative_Bone,Neutral_InEar,580,580,0.7706896551724138,0.7821780873647035,0.7706896551724138,0.7682836183352151
1,Neutral_Bone,Neutral_InEar,580,580,0.7034482758620689,0.7162040489127774,0.703448275862069,0.6842112500092007
2,Native_InEar|NonNative_InEar,Neutral_InEar,1160,580,0.8293103448275863,0.8210276197561001,0.8293103448275861,0.817025175279958
2,Native_InEar|Native_Bone,Neutral_InEar,1160,580,0.8086206896551724,0.8013815109760769,0.8086206896551724,0.799461880345901
2,Native_InEar|NonNative_Bone,Neutral_InEar,1160,580,0.8379310344827586,0.8358428234383934,0.8379310344827587,0.8336761381316704
2,Native_InEar|Neutral_Bone,Neutral_InEar,1160,580,0.8448275862068966,0.8421270310591117,0.8448275862068966,0.8370503983396377
2,NonNative_InEar|Native_Bone,Neutral_InEar,1160,580,0.8120689655172414,0.8222490332253743,0.8120689655172415,0.804654252164404
2,NonNative_InEar|NonNative_Bone,Neutral_InEar,1160,580,0.8344827586206897,0.8370743783741397,0.8344827586206897,0.8305773158661148
2,NonNative_InEar|Neutral_Bone,Neutral_InEar,1160,580,0.8241379310344827,0.8200545309693107,0.8241379310344827,0.8100793189595447
2,Native_Bone|NonNative_Bone,Neutral_InEar,1160,580,0.8310344827586207,0.8409121464080063,0.8310344827586207,0.8277298062911915
2,Native_Bone|Neutral_Bone,Neutral_InEar,1160,580,0.7931034482758621,0.803648425354133,0.7931034482758622,0.7912057955941
2,NonNative_Bone|Neutral_Bone,Neutral_InEar,1160,580,0.8379310344827586,0.8438232165464017,0.8379310344827585,0.8371419202390712
3,Native_InEar|NonNative_InEar|Native_Bone,Neutral_InEar,1740,580,0.8413793103448276,0.8377865109153504,0.8413793103448276,0.8334285848268982
3,Native_InEar|NonNative_InEar|NonNative_Bone,Neutral_InEar,1740,580,0.846551724137931,0.8475639812014502,0.846551724137931,0.8428248274237096
3,Native_InEar|NonNative_InEar|Neutral_Bone,Neutral_InEar,1740,580,0.8551724137931035,0.8523331552107949,0.8551724137931036,0.8488146989508698
3,Native_InEar|Native_Bone|NonNative_Bone,Neutral_InEar,1740,580,0.8482758620689655,0.8469098140862185,0.8482758620689654,0.844199100440715
3,Native_InEar|Native_Bone|Neutral_Bone,Neutral_InEar,1740,580,0.8603448275862069,0.8592473500911348,0.8603448275862069,0.8552471200019642
3,Native_InEar|NonNative_Bone|Neutral_Bone,Neutral_InEar,1740,580,0.8706896551724138,0.8700158091815489,0.8706896551724139,0.8684505910235801
3,NonNative_InEar|Native_Bone|NonNative_Bone,Neutral_InEar,1740,580,0.843103448275862,0.8493371204681667,0.8431034482758621,0.8404247131088738
3,NonNative_InEar|Native_Bone|Neutral_Bone,Neutral_InEar,1740,580,0.8344827586206897,0.8354081687753421,0.8344827586206897,0.8248202758550107
3,NonNative_InEar|NonNative_Bone|Neutral_Bone,Neutral_InEar,1740,580,0.8724137931034482,0.873849994719596,0.8724137931034484,0.8704576379806321
3,Native_Bone|NonNative_Bone|Neutral_Bone,Neutral_InEar,1740,580,0.8517241379310345,0.8593328992207224,0.8517241379310343,0.8521671954930614
5,Native_InEar|NonNative_InEar|Native_Bone|NonNative_Bone|Neutral_Bone,Neutral_InEar,2900,580,0.8689655172413793,0.8677533039312093,0.8689655172413794,0.8655569424066979
1,Native_InEar,Native_Bone,580,580,0.6827586206896552,0.6678137662418231,0.6827586206896552,0.6568314072471224
1,NonNative_InEar,Native_Bone,580,580,0.7155172413793104,0.7044283008658009,0.7155172413793104,0.6947210500433683
1,Neutral_InEar,Native_Bone,580,580,0.7034482758620689,0.6846068615909452,0.703448275862069,0.671809995051398
1,NonNative_Bone,Native_Bone,580,580,0.7293103448275862,0.7499859775954978,0.7293103448275862,0.7185539614658969
1,Neutral_Bone,Native_Bone,580,580,0.6655172413793103,0.6533071222356936,0.6655172413793103,0.6272526789976485
2,Native_InEar|NonNative_InEar,Native_Bone,1160,580,0.7379310344827587,0.7315996702768444,0.7379310344827584,0.7145053211445116
2,Native_InEar|Neutral_InEar,Native_Bone,1160,580,0.7379310344827587,0.7235190026050892,0.7379310344827587,0.7085270526833761
2,Native_InEar|NonNative_Bone,Native_Bone,1160,580,0.7706896551724138,0.78015667157603,0.7706896551724137,0.758792342261737
2,Native_InEar|Neutral_Bone,Native_Bone,1160,580,0.7396551724137931,0.7519629554371026,0.7396551724137931,0.720722137985523
2,NonNative_InEar|Neutral_InEar,Native_Bone,1160,580,0.75,0.7264313977529848,0.7499999999999999,0.7223054857569555
2,NonNative_InEar|NonNative_Bone,Native_Bone,1160,580,0.7827586206896552,0.7915561196680176,0.7827586206896552,0.7714783781796307
2,NonNative_InEar|Neutral_Bone,Native_Bone,1160,580,0.753448275862069,0.7529333155100175,0.753448275862069,0.734342110010582
2,Neutral_InEar|NonNative_Bone,Native_Bone,1160,580,0.7413793103448276,0.7642375882465017,0.7413793103448276,0.7217863276826507
2,Neutral_InEar|Neutral_Bone,Native_Bone,1160,580,0.7344827586206897,0.7553013963138587,0.7344827586206896,0.7029340837095805
2,NonNative_Bone|Neutral_Bone,Native_Bone,1160,580,0.7327586206896551,0.750172486775379,0.7327586206896551,0.7150290364417684
3,Native_InEar|NonNative_InEar|Neutral_InEar,Native_Bone,1740,580,0.753448275862069,0.738071046311211,0.7534482758620689,0.7271921444041517
3,Native_InEar|NonNative_InEar|NonNative_Bone,Native_Bone,1740,580,0.7827586206896552,0.7912182780123601,0.7827586206896551,0.7703157030911809
3,Native_InEar|NonNative_InEar|Neutral_Bone,Native_Bone,1740,580,0.7620689655172413,0.7639645659186464,0.7620689655172412,0.7455659025776146
3,Native_InEar|Neutral_InEar|NonNative_Bone,Native_Bone,1740,580,0.7775862068965518,0.7967242271416708,0.7775862068965518,0.7627991617584342
3,Native_InEar|Neutral_InEar|Neutral_Bone,Native_Bone,1740,580,0.7293103448275862,0.7402102977629293,0.7293103448275862,0.7010603597426402
3,Native_InEar|NonNative_Bone|Neutral_Bone,Native_Bone,1740,580,0.7689655172413793,0.7797924480112547,0.7689655172413793,0.7531357924307819
3,NonNative_InEar|Neutral_InEar|NonNative_Bone,Native_Bone,1740,580,0.7741379310344828,0.7779066985574339,0.7741379310344827,0.7616448129522653
3,NonNative_InEar|Neutral_InEar|Neutral_Bone,Native_Bone,1740,580,0.7706896551724138,0.7691347134687271,0.7706896551724137,0.7508698914170138
3,NonNative_InEar|NonNative_Bone|Neutral_Bone,Native_Bone,1740,580,0.7913793103448276,0.8043647621355434,0.7913793103448276,0.7805984087442827
3,Neutral_InEar|NonNative_Bone|Neutral_Bone,Native_Bone,1740,580,0.7637931034482759,0.795221276856302,0.7637931034482759,0.7448156412532615
5,Native_InEar|NonNative_InEar|Neutral_InEar|NonNative_Bone|Neutral_Bone,Native_Bone,2900,580,0.7931034482758621,0.8071195226528637,0.793103448275862,0.7813283768621846
1,Native_InEar,NonNative_Bone,580,580,0.7155172413793104,0.7442641951643372,0.7155172413793103,0.7036198704134782
1,NonNative_InEar,NonNative_Bone,580,580,0.7155172413793104,0.7235874276287777,0.7155172413793103,0.7069720344437849
1,Neutral_InEar,NonNative_Bone,580,580,0.7379310344827587,0.7629770905264327,0.7379310344827587,0.7275580429153805
1,Native_Bone,NonNative_Bone,580,580,0.6827586206896552,0.7049972460559111,0.6827586206896552,0.6564515575126817
1,Neutral_Bone,NonNative_Bone,580,580,0.7120689655172414,0.7073553013018263,0.7120689655172413,0.6948334684924748
2,Native_InEar|NonNative_InEar,NonNative_Bone,1160,580,0.7551724137931034,0.7615741121036882,0.7551724137931035,0.7437849885902506
2,Native_InEar|Neutral_InEar,NonNative_Bone,1160,580,0.7758620689655172,0.8066745751640483,0.7758620689655172,0.766985272254614
2,Native_InEar|Native_Bone,NonNative_Bone,1160,580,0.8103448275862069,0.815962556605457,0.810344827586207,0.8041337597477378
2,Native_InEar|Neutral_Bone,NonNative_Bone,1160,580,0.7965517241379311,0.8079683960354757,0.7965517241379311,0.791351955046895
2,NonNative_InEar|Neutral_InEar,NonNative_Bone,1160,580,0.7672413793103449,0.7864486497238901,0.7672413793103448,0.7616089641134188
2,NonNative_InEar|Native_Bone,NonNative_Bone,1160,580,0.7793103448275862,0.7923702481826747,0.7793103448275862,0.7766123917432489
2,NonNative_InEar|Neutral_Bone,NonNative_Bone,1160,580,0.7741379310344828,0.7863124594933494,0.7741379310344827,0.7690883380422086
2,Neutral_InEar|Native_Bone,NonNative_Bone,1160,580,0.8137931034482758,0.8263336980644646,0.8137931034482758,0.8118642857545023
2,Neutral_InEar|Neutral_Bone,NonNative_Bone,1160,580,0.7827586206896552,0.7985448847865843,0.7827586206896552,0.7798888167662159
2,Native_Bone|Neutral_Bone,NonNative_Bone,1160,580,0.7672413793103449,0.7763538925232475,0.7672413793103449,0.7561973085611532
3,Native_InEar|NonNative_InEar|Neutral_InEar,NonNative_Bone,1740,580,0.7758620689655172,0.7972884234014261,0.7758620689655171,0.7681584126587376
3,Native_InEar|NonNative_InEar|Native_Bone,NonNative_Bone,1740,580,0.8137931034482758,0.8243006772646856,0.8137931034482758,0.8100766295115289
3,Native_InEar|NonNative_InEar|Neutral_Bone,NonNative_Bone,1740,580,0.7965517241379311,0.8084050489118761,0.7965517241379311,0.791812562211909
3,Native_InEar|Neutral_InEar|Native_Bone,NonNative_Bone,1740,580,0.8293103448275863,0.842876793670907,0.8293103448275861,0.8261107751041934
3,Native_InEar|Neutral_InEar|Neutral_Bone,NonNative_Bone,1740,580,0.8310344827586207,0.8474368055434229,0.8310344827586207,0.8273487147547612
3,Native_InEar|Native_Bone|Neutral_Bone,NonNative_Bone,1740,580,0.8327586206896552,0.8414741762962615,0.832758620689655,0.8279929174169822
3,NonNative_InEar|Neutral_InEar|Native_Bone,NonNative_Bone,1740,580,0.8224137931034483,0.8357824914436096,0.8224137931034484,0.8204041620818
3,NonNative_InEar|Neutral_InEar|Neutral_Bone,NonNative_Bone,1740,580,0.8103448275862069,0.8226131802208714,0.8103448275862067,0.8076055199551888
3,NonNative_InEar|Native_Bone|Neutral_Bone,NonNative_Bone,1740,580,0.8103448275862069,0.8230439884093045,0.810344827586207,0.8069852500937713
3,Neutral_InEar|Native_Bone|Neutral_Bone,NonNative_Bone,1740,580,0.8241379310344827,0.8394448742796581,0.8241379310344825,0.8218113553168154
5,Native_InEar|NonNative_InEar|Neutral_InEar|Native_Bone|Neutral_Bone,NonNative_Bone,2900,580,0.8344827586206897,0.8467226637346419,0.8344827586206897,0.8319575743989661
1,Native_InEar,Neutral_Bone,580,580,0.6724137931034483,0.6638889154883632,0.6724137931034483,0.6415222691608935
1,NonNative_InEar,Neutral_Bone,580,580,0.6827586206896552,0.6893443344956137,0.6827586206896551,0.6792847962843991
1,Neutral_InEar,Neutral_Bone,580,580,0.7,0.7189184811355066,0.7000000000000001,0.6920199626568805
1,Native_Bone,Neutral_Bone,580,580,0.6741379310344827,0.646387962831185,0.6741379310344827,0.6491116551569996
1,NonNative_Bone,Neutral_Bone,580,580,0.7310344827586207,0.7116938274697161,0.7310344827586207,0.712386590768423
2,Native_InEar|NonNative_InEar,Neutral_Bone,1160,580,0.7137931034482758,0.7156852429548266,0.7137931034482758,0.7052761932418534
2,Native_InEar|Neutral_InEar,Neutral_Bone,1160,580,0.75,0.7625800435945207,0.7500000000000001,0.7370421818224481
2,Native_InEar|Native_Bone,Neutral_Bone,1160,580,0.7482758620689656,0.7436280964405892,0.7482758620689655,0.7356287180249286
2,Native_InEar|NonNative_Bone,Neutral_Bone,1160,580,0.7655172413793103,0.7555954821086647,0.7655172413793104,0.7497598233943017
2,NonNative_InEar|Neutral_InEar,Neutral_Bone,1160,580,0.7413793103448276,0.7506909895203353,0.7413793103448276,0.7343098788528657
2,NonNative_InEar|Native_Bone,Neutral_Bone,1160,580,0.7413793103448276,0.7418304896520975,0.7413793103448276,0.7335713354041399
2,NonNative_InEar|NonNative_Bone,Neutral_Bone,1160,580,0.7413793103448276,0.7408521062800573,0.7413793103448276,0.7318383625361087
2,Neutral_InEar|Native_Bone,Neutral_Bone,1160,580,0.7844827586206896,0.7851308005449956,0.7844827586206897,0.7769808662301333
2,Neutral_InEar|NonNative_Bone,Neutral_Bone,1160,580,0.7810344827586206,0.7840019079571148,0.7810344827586208,0.7737653466015653
2,Native_Bone|NonNative_Bone,Neutral_Bone,1160,580,0.7637931034482759,0.7527738236264927,0.7637931034482758,0.7497168133166174
3,Native_InEar|NonNative_InEar|Neutral_InEar,Neutral_Bone,1740,580,0.753448275862069,0.7631179237668249,0.7534482758620691,0.7459213596239178
3,Native_InEar|NonNative_InEar|Native_Bone,Neutral_Bone,1740,580,0.7637931034482759,0.7638320359766303,0.7637931034482758,0.7569425335531692
3,Native_InEar|NonNative_InEar|NonNative_Bone,Neutral_Bone,1740,580,0.7741379310344828,0.772708743999803,0.7741379310344828,0.7636002533441524
3,Native_InEar|Neutral_InEar|Native_Bone,Neutral_Bone,1740,580,0.7896551724137931,0.7886830318678095,0.7896551724137931,0.7831501308381306
3,Native_InEar|Neutral_InEar|NonNative_Bone,Neutral_Bone,1740,580,0.7913793103448276,0.7901678181820972,0.7913793103448276,0.780478218023604
3,Native_InEar|Native_Bone|NonNative_Bone,Neutral_Bone,1740,580,0.7844827586206896,0.7764131052583132,0.7844827586206897,0.7703744994962405
3,NonNative_InEar|Neutral_InEar|Native_Bone,Neutral_Bone,1740,580,0.7931034482758621,0.7962810917532257,0.7931034482758621,0.7881897696914906
3,NonNative_InEar|Neutral_InEar|NonNative_Bone,Neutral_Bone,1740,580,0.7793103448275862,0.7914370559861356,0.7793103448275862,0.7745425325007509
3,NonNative_InEar|Native_Bone|NonNative_Bone,Neutral_Bone,1740,580,0.7810344827586206,0.7792299853549681,0.7810344827586208,0.770962985608685
3,Neutral_InEar|Native_Bone|NonNative_Bone,Neutral_Bone,1740,580,0.8017241379310345,0.7986416301597785,0.8017241379310345,0.7926208551911642
5,Native_InEar|NonNative_InEar|Neutral_InEar|Native_Bone|NonNative_Bone,Neutral_Bone,2900,580,0.8051724137931034,0.808118258927655,0.8051724137931036,0.7995819141884404
