source_condition,target_condition,model,windows_per_decision,duration_seconds,accuracy,number_of_decisions
Native_InEar,NonNative_InEar,Random Forest,1,4,0.75,580
Native_InEar,NonNative_InEar,Random Forest,3,12,0.8277777777777777,180
Native_InEar,NonNative_InEar,Random Forest,5,20,0.87,100
Native_InEar,NonNative_InEar,Random Forest,10,40,0.95,40
Native_InEar,Neutral_InEar,Random Forest,1,4,0.7275862068965517,580
Native_InEar,Neutral_InEar,Random Forest,3,12,0.7944444444444444,180
Native_InEar,Neutral_InEar,Random Forest,5,20,0.88,100
Native_InEar,Neutral_InEar,Random Forest,10,40,0.9,40
Native_InEar,Native_Bone,Random Forest,1,4,0.6724137931034483,580
Native_InEar,Native_Bone,Random Forest,3,12,0.75,180
Native_InEar,Native_Bone,Random Forest,5,20,0.81,100
Native_InEar,Native_Bone,Random Forest,10,40,0.875,40
Native_InEar,NonNative_Bone,Random Forest,1,4,0.6810344827586207,580
Native_InEar,NonNative_Bone,Random Forest,3,12,0.7722222222222223,180
Native_InEar,NonNative_Bone,Random Forest,5,20,0.83,100
Native_InEar,NonNative_Bone,Random Forest,10,40,0.925,40
Native_InEar,Neutral_Bone,Random Forest,1,4,0.6482758620689655,580
Native_InEar,Neutral_Bone,Random Forest,3,12,0.7166666666666667,180
Native_InEar,Neutral_Bone,Random Forest,5,20,0.78,100
Native_InEar,Neutral_Bone,Random Forest,10,40,0.85,40
NonNative_InEar,Native_InEar,Random Forest,1,4,0.746551724137931,580
NonNative_InEar,Native_InEar,Random Forest,3,12,0.8333333333333334,180
NonNative_InEar,Native_InEar,Random Forest,5,20,0.9,100
NonNative_InEar,Native_InEar,Random Forest,10,40,0.975,40
NonNative_InEar,Neutral_InEar,Random Forest,1,4,0.7362068965517241,580
NonNative_InEar,Neutral_InEar,Random Forest,3,12,0.8166666666666667,180
NonNative_InEar,Neutral_InEar,Random Forest,5,20,0.91,100
NonNative_InEar,Neutral_InEar,Random Forest,10,40,0.925,40
NonNative_InEar,Native_Bone,Random Forest,1,4,0.6655172413793103,580
NonNative_InEar,Native_Bone,Random Forest,3,12,0.7555555555555555,180
NonNative_InEar,Native_Bone,Random Forest,5,20,0.81,100
NonNative_InEar,Native_Bone,Random Forest,10,40,0.875,40
NonNative_InEar,NonNative_Bone,Random Forest,1,4,0.6775862068965517,580
NonNative_InEar,NonNative_Bone,Random Forest,3,12,0.7722222222222223,180
NonNative_InEar,NonNative_Bone,Random Forest,5,20,0.84,100
NonNative_InEar,NonNative_Bone,Random Forest,10,40,0.925,40
NonNative_InEar,Neutral_Bone,Random Forest,1,4,0.6448275862068965,580
NonNative_InEar,Neutral_Bone,Random Forest,3,12,0.7166666666666667,180
NonNative_InEar,Neutral_Bone,Random Forest,5,20,0.78,100
NonNative_InEar,Neutral_Bone,Random Forest,10,40,0.8,40
Neutral_InEar,Native_InEar,Random Forest,1,4,0.7241379310344828,580
Neutral_InEar,Native_InEar,Random Forest,3,12,0.8,180
Neutral_InEar,Native_InEar,Random Forest,5,20,0.85,100
Neutral_InEar,Native_InEar,Random Forest,10,40,0.925,40
Neutral_InEar,NonNative_InEar,Random Forest,1,4,0.7310344827586207,580
Neutral_InEar,NonNative_InEar,Random Forest,3,12,0.8,180
Neutral_InEar,NonNative_InEar,Random Forest,5,20,0.87,100
Neutral_InEar,NonNative_InEar,Random Forest,10,40,0.925,40
Neutral_InEar,Native_Bone,Random Forest,1,4,0.6793103448275862,580
Neutral_InEar,Native_Bone,Random Forest,3,12,0.7166666666666667,180
Neutral_InEar,Native_Bone,Random Forest,5,20,0.83,100
Neutral_InEar,Native_Bone,Random Forest,10,40,0.875,40
Neutral_InEar,NonNative_Bone,Random Forest,1,4,0.7137931034482758,580
Neutral_InEar,NonNative_Bone,Random Forest,3,12,0.8444444444444444,180
Neutral_InEar,NonNative_Bone,Random Forest,5,20,0.9,100
Neutral_InEar,NonNative_Bone,Random Forest,10,40,0.95,40
Neutral_InEar,Neutral_Bone,Random Forest,1,4,0.646551724137931,580
Neutral_InEar,Neutral_Bone,Random Forest,3,12,0.7277777777777777,180
Neutral_InEar,Neutral_Bone,Random Forest,5,20,0.79,100
Neutral_InEar,Neutral_Bone,Random Forest,10,40,0.875,40
Native_Bone,Native_InEar,Random Forest,1,4,0.6068965517241379,580
Native_Bone,Native_InEar,Random Forest,3,12,0.6833333333333333,180
Native_Bone,Native_InEar,Random Forest,5,20,0.74,100
Native_Bone,Native_InEar,Random Forest,10,40,0.725,40
Native_Bone,NonNative_InEar,Random Forest,1,4,0.6137931034482759,580
Native_Bone,NonNative_InEar,Random Forest,3,12,0.6888888888888889,180
Native_Bone,NonNative_InEar,Random Forest,5,20,0.77,100
Native_Bone,NonNative_InEar,Random Forest,10,40,0.8,40
Native_Bone,Neutral_InEar,Random Forest,1,4,0.646551724137931,580
Native_Bone,Neutral_InEar,Random Forest,3,12,0.7166666666666667,180
Native_Bone,Neutral_InEar,Random Forest,5,20,0.78,100
Native_Bone,Neutral_InEar,Random Forest,10,40,0.8,40
Native_Bone,NonNative_Bone,Random Forest,1,4,0.6551724137931034,580
Native_Bone,NonNative_Bone,Random Forest,3,12,0.7555555555555555,180
Native_Bone,NonNative_Bone,Random Forest,5,20,0.79,100
Native_Bone,NonNative_Bone,Random Forest,10,40,0.85,40
Native_Bone,Neutral_Bone,Random Forest,1,4,0.6120689655172413,580
Native_Bone,Neutral_Bone,Random Forest,3,12,0.6611111111111111,180
Native_Bone,Neutral_Bone,Random Forest,5,20,0.74,100
Native_Bone,Neutral_Bone,Random Forest,10,40,0.8,40
NonNative_Bone,Native_InEar,Random Forest,1,4,0.7068965517241379,580
NonNative_Bone,Native_InEar,Random Forest,3,12,0.7777777777777778,180
NonNative_Bone,Native_InEar,Random Forest,5,20,0.84,100
NonNative_Bone,Native_InEar,Random Forest,10,40,0.85,40
NonNative_Bone,NonNative_InEar,Random Forest,1,4,0.7327586206896551,580
NonNative_Bone,NonNative_InEar,Random Forest,3,12,0.8277777777777777,180
NonNative_Bone,NonNative_InEar,Random Forest,5,20,0.88,100
NonNative_Bone,NonNative_InEar,Random Forest,10,40,0.9,40
NonNative_Bone,Neutral_InEar,Random Forest,1,4,0.7310344827586207,580
NonNative_Bone,Neutral_InEar,Random Forest,3,12,0.7944444444444444,180
NonNative_Bone,Neutral_InEar,Random Forest,5,20,0.83,100
NonNative_Bone,Neutral_InEar,Random Forest,10,40,0.9,40
NonNative_Bone,Native_Bone,Random Forest,1,4,0.7103448275862069,580
NonNative_Bone,Native_Bone,Random Forest,3,12,0.7833333333333333,180
NonNative_Bone,Native_Bone,Random Forest,5,20,0.83,100
NonNative_Bone,Native_Bone,Random Forest,10,40,0.85,40
NonNative_Bone,Neutral_Bone,Random Forest,1,4,0.7051724137931035,580
NonNative_Bone,Neutral_Bone,Random Forest,3,12,0.7666666666666667,180
NonNative_Bone,Neutral_Bone,Random Forest,5,20,0.83,100
NonNative_Bone,Neutral_Bone,Random Forest,10,40,0.925,40
Neutral_Bone,Native_InEar,Random Forest,1,4,0.6396551724137931,580
Neutral_Bone,Native_InEar,Random Forest,3,12,0.7055555555555556,180
Neutral_Bone,Native_InEar,Random Forest,5,20,0.74,100
Neutral_Bone,Native_InEar,Random Forest,10,40,0.825,40
Neutral_Bone,NonNative_InEar,Random Forest,1,4,0.6206896551724138,580
Neutral_Bone,NonNative_InEar,Random Forest,3,12,0.6777777777777778,180
Neutral_Bone,NonNative_InEar,Random Forest,5,20,0.74,100
Neutral_Bone,NonNative_InEar,Random Forest,10,40,0.775,40
Neutral_Bone,Neutral_InEar,Random Forest,1,4,0.7155172413793104,580
Neutral_Bone,Neutral_InEar,Random Forest,3,12,0.7944444444444444,180
Neutral_Bone,Neutral_InEar,Random Forest,5,20,0.87,100
Neutral_Bone,Neutral_InEar,Random Forest,10,40,0.9,40
Neutral_Bone,Native_Bone,Random Forest,1,4,0.6448275862068965,580
Neutral_Bone,Native_Bone,Random Forest,3,12,0.7333333333333333,180
Neutral_Bone,Native_Bone,Random Forest,5,20,0.76,100
Neutral_Bone,Native_Bone,Random Forest,10,40,0.775,40
Neutral_Bone,NonNative_Bone,Random Forest,1,4,0.6862068965517242,580
Neutral_Bone,NonNative_Bone,Random Forest,3,12,0.8,180
Neutral_Bone,NonNative_Bone,Random Forest,5,20,0.81,100
Neutral_Bone,NonNative_Bone,Random Forest,10,40,0.9,40
