experiment,condition,model,accuracy,precision,recall,f1
same_condition,Native_Bone,SVM,0.7583333333333333,0.7828983475674652,0.7583333333333333,0.7559657206116609
same_condition,Native_Bone,Random Forest,0.75,0.7704902695343872,0.75,0.7449606654075209
same_condition,Native_Bone,KNN,0.675,0.7263370542855838,0.6749999999999999,0.6629035564415843
same_condition,Native_InEar,SVM,0.7833333333333333,0.803058832507362,0.7833333333333334,0.7833450364482479
same_condition,Native_InEar,Random Forest,0.7791666666666667,0.7937234293484294,0.7791666666666666,0.7746647917300091
same_condition,Native_InEar,KNN,0.7,0.7356568225376275,0.7,0.6950231542644582
same_condition,Neutral_Bone,SVM,0.8,0.8103037240537241,0.7999999999999999,0.7974463427072124
same_condition,Neutral_Bone,Random Forest,0.8,0.8056586142615554,0.8,0.7963895135072047
same_condition,Neutral_Bone,KNN,0.7,0.714492452422019,0.7,0.6759071346719357
same_condition,Neutral_InEar,SVM,0.7583333333333333,0.7657155099802158,0.7583333333333333,0.7533304538863996
same_condition,Neutral_InEar,Random Forest,0.8041666666666667,0.8145606844136255,0.8041666666666668,0.799990630078573
same_condition,Neutral_InEar,KNN,0.6791666666666667,0.7113286019536019,0.6791666666666666,0.6718308827681891
same_condition,NonNative_Bone,SVM,0.7375,0.7531055586570292,0.7375,0.7376964563006541
same_condition,NonNative_Bone,Random Forest,0.7625,0.7613972832722833,0.7625,0.7522088158895939
same_condition,NonNative_Bone,KNN,0.6541666666666667,0.6772086287895112,0.6541666666666667,0.6440309348702173
same_condition,NonNative_InEar,SVM,0.7625,0.7637247836704358,0.7625,0.7501346752662542
same_condition,NonNative_InEar,Random Forest,0.7833333333333333,0.7926836321573163,0.7833333333333333,0.7732747893890951
same_condition,NonNative_InEar,KNN,0.7375,0.7295697031726445,0.7375,0.7132814574541358
