model,source_condition,accuracy,f1
KNN,Native_Bone,55.137931034482754,52.85375975289925
KNN,Native_InEar,60.41379310344828,59.02603680122505
KNN,Neutral_Bone,62.172413793103445,60.24804180496073
KNN,Neutral_InEar,61.0,60.38722821264677
KNN,NonNative_Bone,63.13793103448276,62.51530850997698
KNN,NonNative_InEar,62.62068965517241,61.538532650779445
Random Forest,Native_Bone,62.689655172413794,60.51596354989821
Random Forest,Native_InEar,69.58620689655172,68.27036575834778
Random Forest,Neutral_Bone,66.13793103448276,64.03223607128893
Random Forest,Neutral_InEar,69.89655172413794,69.03629313176319
Random Forest,NonNative_Bone,71.72413793103448,70.80819841465234
Random Forest,NonNative_InEar,69.41379310344827,68.02684865394613
SVM,Native_Bone,61.82758620689655,59.981557389264935
SVM,Native_InEar,66.0344827586207,65.01306572721575
SVM,Neutral_Bone,63.758620689655174,62.67213937851272
SVM,Neutral_InEar,66.48275862068965,65.81987146452866
SVM,NonNative_Bone,67.55172413793103,67.08273392763202
SVM,NonNative_InEar,67.89655172413794,67.38644950475444
