model,target_condition,accuracy,f1
KNN,Native_Bone,61.86206896551724,60.63002149936968
KNN,Native_InEar,62.24137931034483,61.04316440368605
KNN,Neutral_Bone,57.41379310344827,55.47991895108716
KNN,Neutral_InEar,61.0,59.639127825217585
KNN,NonNative_Bone,61.44827586206897,60.17922592043183
KNN,NonNative_InEar,60.51724137931035,59.59744913269594
Random Forest,Native_Bone,67.44827586206897,65.40927576030369
Random Forest,Native_InEar,68.48275862068965,67.00952764438496
Random Forest,Neutral_Bone,65.13793103448276,63.45125931527773
Random Forest,Neutral_InEar,71.13793103448276,69.70293806326661
Random Forest,NonNative_Bone,68.27586206896552,66.83757693267282
Random Forest,NonNative_InEar,68.9655172413793,68.2793278639908
SVM,Native_Bone,64.51724137931035,63.48509865452583
SVM,Native_InEar,65.58620689655173,64.59303605572407
SVM,Neutral_Bone,63.55172413793103,61.817372931771985
SVM,Neutral_InEar,66.72413793103449,66.01436283254257
SVM,NonNative_Bone,66.13793103448276,65.4958059459046
SVM,NonNative_InEar,67.0344827586207,66.55014097143945
